frame,elapsed_s,frame_ms,render_cpu_ms,update_cpu_ms,draw_calls,scene_draws,post_draws,ui_draws,objects,triangle_instances,instance_upload_bytes,mesh_upload_bytes,cache_hits,cache_misses,mesh_generations,disk_loads,disk_rejects,disk_writes,cache_evictions,batch_splits
1,0.2070,206.9833,141.5343,0.0000,11,1,9,1,1051,12111,180968,1173456,1000,51,51,0,0,51,0,0
2,0.2121,5.1552,1.1815,2.2966,11,1,9,1,1051,12111,180968,0,1051,0,0,0,0,0,0,0
3,0.2284,16.2372,1.1579,0.2239,11,1,9,1,1051,12111,180968,0,1051,0,0,0,0,0,0,0
4,0.2444,15.9805,1.1374,0.2208,11,1,9,1,1051,12111,180968,0,1051,0,0,0,0,0,0,0
5,0.2609,16.5230,1.1503,0.2175,11,1,9,1,1051,12111,180968,0,1051,0,0,0,0,0,0,0
6,0.2769,16.0506,1.1217,0.2307,11,1,9,1,1051,12111,180968,0,1051,0,0,0,0,0,0,0
7,0.2939,16.9342,1.1328,0.2188,11,1,9,1,1051,12111,180968,0,1051,0,0,0,0,0,0,0
8,0.3099,16.0427,1.1244,0.2345,11,1,9,1,1051,12111,180968,0,1051,0,0,0,0,0,0,0
9,0.3265,16.5545,1.5478,0.3430,11,1,9,1,1051,12111,180968,0,1051,0,0,0,0,0,0,0
10,0.3433,16.8397,1.3861,0.2749,11,1,9,1,1051,12111,180968,0,1051,0,0,0,0,0,0,0
11,0.3595,16.1803,1.1914,0.2521,11,1,9,1,1051,12111,180968,0,1051,0,0,0,0,0,0,0
12,0.3767,17.1739,1.2656,0.2803,11,1,9,1,1051,12111,180968,0,1051,0,0,0,0,0,0,0
13,0.3939,17.2073,1.4699,0.2997,11,1,9,1,1051,12111,180968,0,1051,0,0,0,0,0,0,0
14,0.4099,16.0138,1.4132,0.3810,11,1,9,1,1051,12111,180968,0,1051,0,0,0,0,0,0,0
15,0.4262,16.3122,1.8010,0.3026,11,1,9,1,1051,12111,180968,0,1051,0,0,0,0,0,0,0
16,0.4423,16.0758,1.8525,0.2468,11,1,9,1,1051,12111,180968,0,1051,0,0,0,0,0,0,0
17,0.4588,16.5116,1.7576,0.2543,11,1,9,1,1051,12111,180968,0,1051,0,0,0,0,0,0,0
18,0.4748,16.0258,1.8788,0.2326,11,1,9,1,1051,12111,180968,0,1051,0,0,0,0,0,0,0
19,0.4913,16.5129,1.4175,0.2212,11,1,9,1,1051,12111,180968,0,1051,0,0,0,0,0,0,0
20,0.5073,15.9487,1.3486,0.2459,11,1,9,1,1051,12111,180968,0,1051,0,0,0,0,0,0,0
21,0.5252,17.8952,1.2896,2.1932,11,1,9,1,1051,12111,180968,0,1051,0,0,0,0,0,0,0
22,0.5426,17.4014,1.5974,0.2797,11,1,9,1,1051,12111,180968,0,1051,0,0,0,0,0,0,0
23,0.5593,16.7623,1.7266,0.3159,11,1,9,1,1051,12111,180968,0,1051,0,0,0,0,0,0,0
24,0.5758,16.5134,1.3209,0.2403,11,1,9,1,1051,12111,180968,0,1051,0,0,0,0,0,0,0
25,0.5930,17.1363,1.4555,0.2560,11,1,9,1,1051,12111,180968,0,1051,0,0,0,0,0,0,0
26,0.6099,16.9257,1.4137,0.2691,11,1,9,1,1051,12111,180968,0,1051,0,0,0,0,0,0,0
27,0.6274,17.5034,1.7061,0.2970,11,1,9,1,1051,12111,180968,0,1051,0,0,0,0,0,0,0
28,0.6430,15.5774,1.4983,0.2458,11,1,9,1,1051,12111,180968,0,1051,0,0,0,0,0,0,0
29,0.6591,16.1457,1.1446,0.2411,11,1,9,1,1051,12111,180968,0,1051,0,0,0,0,0,0,0
30,0.6755,16.3849,1.4290,0.2518,11,1,9,1,1051,12111,180968,0,1051,0,0,0,0,0,0,0
31,0.6924,16.8757,1.4177,0.2250,11,1,9,1,1051,12111,180968,0,1051,0,0,0,0,0,0,0
32,0.7085,16.1472,1.5334,0.2347,11,1,9,1,1051,12111,180968,0,1051,0,0,0,0,0,0,0
33,0.7256,17.0487,1.5476,0.2279,11,1,9,1,1051,12111,180968,0,1051,0,0,0,0,0,0,0
34,0.7422,16.6058,1.2305,0.2267,11,1,9,1,1051,12111,180968,0,1051,0,0,0,0,0,0,0
35,0.7589,16.7084,1.5470,0.2297,11,1,9,1,1051,12111,180968,0,1051,0,0,0,0,0,0,0
36,0.7746,15.7367,1.3076,0.2570,11,1,9,1,1051,12111,180968,0,1051,0,0,0,0,0,0,0
37,0.7908,16.1615,1.4441,0.2821,11,1,9,1,1051,12111,180968,0,1051,0,0,0,0,0,0,0
38,0.8064,15.6523,1.1270,0.2468,11,1,9,1,1051,12111,180968,0,1051,0,0,0,0,0,0,0
39,0.8257,19.2638,1.3856,2.2251,11,1,9,1,1051,12111,180968,0,1051,0,0,0,0,0,0,0
40,0.8423,16.5410,1.6585,0.2991,11,1,9,1,1051,12111,180968,0,1051,0,0,0,0,0,0,0
41,0.8589,16.6330,1.2073,0.2677,11,1,9,1,1051,12111,180968,0,1051,0,0,0,0,0,0,0
42,0.8747,15.8451,1.1351,0.2199,11,1,9,1,1051,12111,180968,0,1051,0,0,0,0,0,0,0
43,0.8914,16.6632,1.6380,0.2838,11,1,9,1,1051,12111,180968,0,1051,0,0,0,0,0,0,0
44,0.9074,15.9813,1.4440,0.2498,11,1,9,1,1051,12111,180968,0,1051,0,0,0,0,0,0,0
45,0.9233,15.8947,1.4262,0.3194,11,1,9,1,1051,12111,180968,0,1051,0,0,0,0,0,0,0
46,0.9397,16.4122,1.4822,0.2479,11,1,9,1,1051,12111,180968,0,1051,0,0,0,0,0,0,0
47,0.9557,16.0634,1.4813,0.2870,11,1,9,1,1051,12111,180968,0,1051,0,0,0,0,0,0,0
48,0.9725,16.7697,1.7172,0.2819,11,1,9,1,1051,12111,180968,0,1051,0,0,0,0,0,0,0
49,0.9881,15.6101,1.3238,0.3089,11,1,9,1,1051,12111,180968,0,1051,0,0,0,0,0,0,0
50,1.0044,16.3136,1.5094,0.2203,11,1,9,1,1051,12111,180968,0,1051,0,0,0,0,0,0,0
51,1.0203,15.8775,1.3357,0.2224,11,1,9,1,1051,12111,180968,0,1051,0,0,0,0,0,0,0
52,1.0364,16.0469,1.3572,0.2648,11,1,9,1,1051,12111,180968,0,1051,0,0,0,0,0,0,0
53,1.0523,15.9824,1.1770,0.2558,11,1,9,1,1051,12111,180968,0,1051,0,0,0,0,0,0,0
54,1.0686,16.2238,1.1137,0.2170,11,1,9,1,1051,12111,180968,0,1051,0,0,0,0,0,0,0
55,1.0858,17.1972,1.2773,0.2446,11,1,9,1,1051,12111,180968,0,1051,0,0,0,0,0,0,0
56,1.1027,16.9478,1.2603,0.2244,11,1,9,1,1051,12111,180968,0,1051,0,0,0,0,0,0,0
57,1.1185,15.8252,1.0900,0.2179,11,1,9,1,1051,12111,180968,0,1051,0,0,0,0,0,0,0
58,1.1371,18.5848,1.3878,2.4560,11,1,9,1,1051,12111,180968,0,1051,0,0,0,0,0,0,0
59,1.1544,17.2292,1.7572,0.2572,11,1,9,1,1051,12111,180968,0,1051,0,0,0,0,0,0,0
60,1.1705,16.1842,1.4134,0.2797,11,1,9,1,1051,12111,180968,0,1051,0,0,0,0,0,0,0
61,1.1878,17.3121,1.7646,0.2782,11,1,9,1,1051,12111,180968,0,1051,0,0,0,0,0,0,0
62,1.2044,16.5811,1.3833,0.2481,11,1,9,1,1051,12111,180968,0,1051,0,0,0,0,0,0,0
63,1.2206,16.2146,1.5822,0.2420,11,1,9,1,1051,12111,180968,0,1051,0,0,0,0,0,0,0
64,1.2388,18.1433,1.6773,0.2968,11,1,9,1,1051,12111,180968,0,1051,0,0,0,0,0,0,0
65,1.2545,15.7362,1.4726,0.2360,11,1,9,1,1051,12111,180968,0,1051,0,0,0,0,0,0,0
66,1.2703,15.7888,1.2083,0.2401,11,1,9,1,1051,12111,180968,0,1051,0,0,0,0,0,0,0
67,1.2875,17.2287,1.3971,0.2554,11,1,9,1,1051,12111,180968,0,1051,0,0,0,0,0,0,0
68,1.3034,15.8176,1.2743,0.2224,11,1,9,1,1051,12111,180968,0,1051,0,0,0,0,0,0,0
69,1.3206,17.2791,1.5327,0.2523,11,1,9,1,1051,12111,180968,0,1051,0,0,0,0,0,0,0
70,1.3362,15.5931,1.1562,0.2226,11,1,9,1,1051,12111,180968,0,1051,0,0,0,0,0,0,0
71,1.3534,17.2005,1.2909,0.2176,11,1,9,1,1051,12111,180968,0,1051,0,0,0,0,0,0,0
72,1.3695,16.0529,1.1773,0.2717,11,1,9,1,1051,12111,180968,0,1051,0,0,0,0,0,0,0
73,1.3855,16.0594,1.1275,0.2489,11,1,9,1,1051,12111,180968,0,1051,0,0,0,0,0,0,0
74,1.4019,16.3223,1.3638,0.2868,11,1,9,1,1051,12111,180968,0,1051,0,0,0,0,0,0,0
75,1.4179,16.0460,1.3914,0.2986,11,1,9,1,1051,12111,180968,0,1051,0,0,0,0,0,0,0
76,1.4341,16.2173,1.1596,0.2562,11,1,9,1,1051,12111,180968,0,1051,0,0,0,0,0,0,0
77,1.4528,18.6496,1.3613,2.7084,11,1,9,1,1051,12111,180968,0,1051,0,0,0,0,0,0,0
78,1.4686,15.8133,1.1430,0.2463,11,1,9,1,1051,12111,180968,0,1051,0,0,0,0,0,0,0
79,1.4855,16.9396,1.1132,0.2218,11,1,9,1,1051,12111,180968,0,1051,0,0,0,0,0,0,0
80,1.5019,16.3265,1.3887,0.2446,11,1,9,1,1051,12111,180968,0,1051,0,0,0,0,0,0,0
81,1.5179,16.0088,1.2510,0.3545,11,1,9,1,1051,12111,180968,0,1051,0,0,0,0,0,0,0
82,1.5350,17.1156,1.4506,0.2904,11,1,9,1,1051,12111,180968,0,1051,0,0,0,0,0,0,0
83,1.5508,15.8111,1.2947,0.2648,11,1,9,1,1051,12111,180968,0,1051,0,0,0,0,0,0,0
84,1.5672,16.4488,1.2680,0.2417,11,1,9,1,1051,12111,180968,0,1051,0,0,0,0,0,0,0
85,1.5845,17.3068,1.4751,0.3001,11,1,9,1,1051,12111,180968,0,1051,0,0,0,0,0,0,0
86,1.6015,16.9552,1.3808,0.2948,11,1,9,1,1051,12111,180968,0,1051,0,0,0,0,0,0,0
87,1.6183,16.7604,1.2784,0.2437,11,1,9,1,1051,12111,180968,0,1051,0,0,0,0,0,0,0
88,1.6351,16.8309,1.1149,0.2435,11,1,9,1,1051,12111,180968,0,1051,0,0,0,0,0,0,0
89,1.6512,16.0906,1.1564,0.2385,11,1,9,1,1051,12111,180968,0,1051,0,0,0,0,0,0,0
90,1.6686,17.4586,1.6476,0.4186,11,1,9,1,1065,12225,183000,0,1065,0,0,0,0,0,0,0
91,1.6850,16.3566,1.3638,0.2804,11,1,9,1,1065,12225,183000,0,1065,0,0,0,0,0,0,0
92,1.7013,16.2606,1.6822,0.2845,11,1,9,1,1065,12225,183000,0,1065,0,0,0,0,0,0,0
93,1.7185,17.2841,1.5637,0.3035,11,1,9,1,1065,12225,183000,0,1065,0,0,0,0,0,0,0
94,1.7350,16.4306,1.3769,0.3005,11,1,9,1,1065,12225,183000,0,1065,0,0,0,0,0,0,0
95,1.7541,19.0848,1.6615,3.0662,11,1,9,1,1065,12225,183000,0,1065,0,0,0,0,0,0,0
96,1.7707,16.6101,1.6356,0.2528,11,1,9,1,1065,12225,183000,0,1065,0,0,0,0,0,0,0
97,1.7877,17.0373,1.6333,0.2806,11,1,9,1,1065,12225,183000,0,1065,0,0,0,0,0,0,0
98,1.8047,16.9872,1.5165,0.3683,11,1,9,1,1065,12225,183000,0,1065,0,0,0,0,0,0,0
99,1.8205,15.8380,1.4673,0.2742,11,1,9,1,1065,12225,183000,0,1065,0,0,0,0,0,0,0
100,1.8373,16.7256,1.2365,0.2574,11,1,9,1,1065,12225,183000,0,1065,0,0,0,0,0,0,0
101,1.8535,16.2415,1.3357,0.2761,11,1,9,1,1065,12225,183000,0,1065,0,0,0,0,0,0,0
102,1.8704,16.9422,1.6797,0.3108,11,1,9,1,1065,12225,183000,0,1065,0,0,0,0,0,0,0
103,1.8877,17.2707,1.9404,0.3046,11,1,9,1,1065,12225,183000,0,1065,0,0,0,0,0,0,0
104,1.9042,16.4954,1.3939,0.2351,11,1,9,1,1065,12225,183000,0,1065,0,0,0,0,0,0,0
105,1.9204,16.1534,1.6860,0.2261,11,1,9,1,1065,12225,183000,0,1065,0,0,0,0,0,0,0
106,1.9367,16.2910,1.2069,0.2648,11,1,9,1,1065,12225,183000,0,1065,0,0,0,0,0,0,0
107,1.9526,15.9019,1.1417,0.2896,11,1,9,1,1065,12225,183000,0,1065,0,0,0,0,0,0,0
108,1.9689,16.3284,1.1440,0.2703,11,1,9,1,1065,12225,183000,0,1065,0,0,0,0,0,0,0
109,1.9848,15.9581,1.1019,0.2722,11,1,9,1,1065,12225,183000,0,1065,0,0,0,0,0,0,0
110,2.0010,16.1422,1.1980,0.2678,11,1,9,1,1065,12225,183000,0,1065,0,0,0,0,0,0,0
111,2.0172,16.2164,1.3832,0.2810,11,1,9,1,1065,12225,183000,0,1065,0,0,0,0,0,0,0
112,2.0353,18.0788,1.4251,0.3286,11,1,9,1,1065,12225,183000,0,1065,0,0,0,0,0,0,0
113,2.0542,18.9127,1.3733,3.2659,11,1,9,1,1065,12225,183000,0,1065,0,0,0,0,0,0,0
114,2.0708,16.5626,1.5599,0.2544,11,1,9,1,1065,12225,183000,0,1065,0,0,0,0,0,0,0
115,2.0871,16.3176,1.5660,0.3318,11,1,9,1,1065,12225,183000,0,1065,0,0,0,0,0,0,0
116,2.1025,15.4065,1.2062,0.3058,11,1,9,1,1065,12225,183000,0,1065,0,0,0,0,0,0,0
117,2.1199,17.3743,1.5282,0.3219,11,1,9,1,1065,12225,183000,0,1065,0,0,0,0,0,0,0
118,2.1354,15.5643,1.1188,0.2523,11,1,9,1,1065,12225,183000,0,1065,0,0,0,0,0,0,0
119,2.1522,16.8204,1.6319,0.2981,11,1,9,1,1065,12225,183000,0,1065,0,0,0,0,0,0,0
120,2.1681,15.8752,1.1603,0.3414,11,1,9,1,1065,12225,183000,0,1065,0,0,0,0,0,0,0
121,2.1855,17.3430,1.3858,0.3378,11,1,9,1,1065,12225,183000,0,1065,0,0,0,0,0,0,0
122,2.2014,15.9662,1.4487,0.3263,11,1,9,1,1065,12225,183000,0,1065,0,0,0,0,0,0,0
123,2.2184,16.9895,1.2857,0.2916,11,1,9,1,1065,12225,183000,0,1065,0,0,0,0,0,0,0
124,2.2350,16.5409,1.1198,0.2546,11,1,9,1,1065,12225,183000,0,1065,0,0,0,0,0,0,0
125,2.2512,16.2873,1.2223,0.4051,11,1,9,1,1065,12225,183000,0,1065,0,0,0,0,0,0,0
126,2.2680,16.7520,1.3289,0.5064,11,1,9,1,1065,12225,183000,0,1065,0,0,0,0,0,0,0
127,2.2852,17.2496,1.6934,0.3295,11,1,9,1,1065,12225,183000,0,1065,0,0,0,0,0,0,0
128,2.3017,16.4551,1.2350,0.3202,11,1,9,1,1065,12225,183000,0,1065,0,0,0,0,0,0,0
129,2.3190,17.3087,1.5086,0.3309,11,1,9,1,1065,12225,183000,0,1065,0,0,0,0,0,0,0
130,2.3358,16.8420,1.4002,0.2909,11,1,9,1,1065,12225,183000,0,1065,0,0,0,0,0,0,0
131,2.3540,18.1041,1.4674,2.2776,11,1,9,1,1065,12225,183000,0,1065,0,0,0,0,0,0,0
132,2.3704,16.4094,1.4551,0.2462,11,1,9,1,1065,12225,183000,0,1065,0,0,0,0,0,0,0
133,2.3880,17.6379,2.0526,0.2905,11,1,9,1,1065,12225,183000,0,1065,0,0,0,0,0,0,0
134,2.4046,16.5924,1.2981,0.4438,11,1,9,1,1065,12225,183000,0,1065,0,0,0,0,0,0,0
135,2.4208,16.2090,1.6269,0.3007,11,1,9,1,1065,12225,183000,0,1065,0,0,0,0,0,0,0
136,2.4367,15.9253,1.2972,0.2487,11,1,9,1,1065,12225,183000,0,1065,0,0,0,0,0,0,0
137,2.4525,15.7905,1.1038,0.2532,11,1,9,1,1065,12225,183000,0,1065,0,0,0,0,0,0,0
138,2.4691,16.6339,1.1820,0.2814,11,1,9,1,1065,12225,183000,0,1065,0,0,0,0,0,0,0
139,2.4854,16.2233,1.3693,0.2964,11,1,9,1,1065,12225,183000,0,1065,0,0,0,0,0,0,0
140,2.5013,15.9489,1.3069,0.3032,11,1,9,1,1065,12225,183000,0,1065,0,0,0,0,0,0,0
141,2.5184,17.0317,1.3332,0.2937,11,1,9,1,1065,12225,183000,0,1065,0,0,0,0,0,0,0
142,2.5343,15.9411,1.2352,0.3561,11,1,9,1,1065,12225,183000,0,1065,0,0,0,0,0,0,0
143,2.5508,16.4920,1.7268,0.3498,11,1,9,1,1065,12225,183000,0,1065,0,0,0,0,0,0,0
144,2.5670,16.1708,1.4577,0.2931,11,1,9,1,1065,12225,183000,0,1065,0,0,0,0,0,0,0
145,2.5842,17.2755,1.6445,0.3672,11,1,9,1,1065,12225,183000,0,1065,0,0,0,0,0,0,0
146,2.6009,16.6990,1.3645,0.3177,11,1,9,1,1065,12225,183000,0,1065,0,0,0,0,0,0,0
147,2.6179,16.9490,1.1387,0.2549,11,1,9,1,1065,12225,183000,0,1065,0,0,0,0,0,0,0
148,2.6351,17.2260,1.5680,0.2840,11,1,9,1,1065,12225,183000,0,1065,0,0,0,0,0,0,0
149,2.6516,16.5174,2.0000,0.3347,11,1,9,1,1065,12225,183000,0,1065,0,0,0,0,0,0,0
150,2.6697,18.0923,1.1917,2.7472,11,1,9,1,1065,12225,183000,0,1065,0,0,0,0,0,0,0
151,2.6854,15.6761,1.3807,0.2710,11,1,9,1,1065,12225,183000,0,1065,0,0,0,0,0,0,0
152,2.7023,16.9381,1.2432,0.2860,11,1,9,1,1065,12225,183000,0,1065,0,0,0,0,0,0,0
153,2.7194,17.0730,1.3216,0.2907,11,1,9,1,1065,12225,183000,0,1065,0,0,0,0,0,0,0
154,2.7351,15.6907,1.0916,0.2465,11,1,9,1,1065,12225,183000,0,1065,0,0,0,0,0,0,0
155,2.7515,16.4524,1.3937,0.3366,11,1,9,1,1065,12225,183000,0,1065,0,0,0,0,0,0,0
156,2.7678,16.2089,1.5564,0.3155,11,1,9,1,1065,12225,183000,0,1065,0,0,0,0,0,0,0
157,2.7843,16.5839,1.1880,0.2745,11,1,9,1,1065,12225,183000,0,1065,0,0,0,0,0,0,0
158,2.8014,17.0579,1.2345,0.2959,11,1,9,1,1065,12225,183000,0,1065,0,0,0,0,0,0,0
159,2.8176,16.1946,1.4125,0.2833,11,1,9,1,1065,12225,183000,0,1065,0,0,0,0,0,0,0
160,2.8336,15.9764,1.3853,0.3421,11,1,9,1,1065,12225,183000,0,1065,0,0,0,0,0,0,0
161,2.8496,16.0794,1.4500,0.3205,11,1,9,1,1065,12225,183000,0,1065,0,0,0,0,0,0,0
162,2.8665,16.8509,1.3059,0.2459,11,1,9,1,1065,12225,183000,0,1065,0,0,0,0,0,0,0
163,2.8840,17.5357,1.7282,0.3642,11,1,9,1,1065,12225,183000,0,1065,0,0,0,0,0,0,0
164,2.9008,16.7398,1.5503,0.2815,11,1,9,1,1065,12225,183000,0,1065,0,0,0,0,0,0,0
165,2.9180,17.2095,1.6496,0.3650,11,1,9,1,1065,12225,183000,0,1065,0,0,0,0,0,0,0
166,2.9345,16.4881,1.4514,0.5425,11,1,9,1,1065,12225,183000,0,1065,0,0,0,0,0,0,0
167,2.9501,15.6738,1.4141,0.2662,11,1,9,1,1065,12225,183000,0,1065,0,0,0,0,0,0,0
168,2.9694,19.2848,1.1260,2.3302,11,1,9,1,1065,12225,183000,0,1065,0,0,0,0,0,0,0
169,2.9865,17.0502,1.2653,0.2491,11,1,9,1,1065,12225,183000,0,1065,0,0,0,0,0,0,0
170,3.0036,17.1238,1.3891,0.2455,11,1,9,1,1065,12225,183000,0,1065,0,0,0,0,0,0,0
171,3.0193,15.7368,1.1110,0.2675,11,1,9,1,1065,12225,183000,0,1065,0,0,0,0,0,0,0
172,3.0356,16.2826,1.3602,0.2769,11,1,9,1,1065,12225,183000,0,1065,0,0,0,0,0,0,0
173,3.0514,15.7775,1.1299,0.2951,11,1,9,1,1065,12225,183000,0,1065,0,0,0,0,0,0,0
174,3.0682,16.7905,1.3076,0.3200,11,1,9,1,1065,12225,183000,0,1065,0,0,0,0,0,0,0
175,3.0847,16.4659,1.7519,0.3381,11,1,9,1,1065,12225,183000,0,1065,0,0,0,0,0,0,0
176,3.1015,16.8147,1.5378,0.3601,11,1,9,1,1065,12225,183000,0,1065,0,0,0,0,0,0,0
177,3.1175,15.9862,1.5735,0.3056,11,1,9,1,1065,12225,183000,0,1065,0,0,0,0,0,0,0
178,3.1342,16.6957,1.3438,0.2670,11,1,9,1,1065,12225,183000,0,1065,0,0,0,0,0,0,0
179,3.1514,17.2768,1.2918,0.3116,11,1,9,1,1065,12225,183000,0,1065,0,0,0,0,0,0,0
180,3.1679,16.4396,1.4675,0.3379,11,1,9,1,1065,12225,183000,0,1065,0,0,0,0,0,0,0
